---,IsImage,Name,Description,MediaPath,ThumbPath
1,FALSE,Untitled-01,Starlight Building is a modern,MediaData\Videos\Untitled-1.mp4,MediaData\Videos\Untitled-1.png
2,FALSE,Untitled-02,Starlight Building is a modern,MediaData\Videos\Untitled-2.mp4,MediaData\Videos\Untitled-2.png
3,FALSE,Untitled-03,Starlight Building is a modern,MediaData\Videos\Untitled-3.mp4,MediaData\Videos\Untitled-3.png
4,FALSE,Untitled-04,Starlight Building is a modern,MediaData\Videos\Untitled-4.mp4,MediaData\Videos\Untitled-4.png
5,FALSE,Untitled-05,Starlight Building is a modern,MediaData\Videos\Untitled-5.mp4,MediaData\Videos\Untitled-5.png
6,FALSE,Untitled-06,Starlight Building is a modern,MediaData\Videos\Untitled-6.mp4,MediaData\Videos\Untitled-6.png
7,FALSE,Untitled-07,Starlight Building is a modern,MediaData\Videos\Untitled-7.mp4,MediaData\Videos\Untitled-7.png
8,FALSE,Untitled-08,Starlight Building is a modern,MediaData\Videos\Untitled-8.mp4,MediaData\Videos\Untitled-8.png
9,FALSE,Untitled-09,Starlight Building is a modern,MediaData\Videos\Untitled-9.mp4,MediaData\Videos\Untitled-9.png
10,FALSE,Untitled-10,Starlight Building is a modern,MediaData\Videos\Untitled-10.mp4,MediaData\Videos\Untitled-10.png
11,TRUE,Untitled-01,Starlight Building is a modern,MediaData\Images\Untitled-1.png,MediaData\Images\Untitled-1.png
12,TRUE,Untitled-02,Starlight Building is a modern,MediaData\Images\Untitled-2.png,MediaData\Images\Untitled-2.png
13,TRUE,Untitled-03,Starlight Building is a modern,MediaData\Images\Untitled-3.png,MediaData\Images\Untitled-3.png
14,TRUE,Untitled-04,Starlight Building is a modern,MediaData\Images\Untitled-4.png,MediaData\Images\Untitled-4.png
15,TRUE,Untitled-05,Starlight Building is a modern,MediaData\Images\Untitled-5.png,MediaData\Images\Untitled-5.png
16,TRUE,Untitled-06,Starlight Building is a modern,MediaData\Images\Untitled-6.png,MediaData\Images\Untitled-6.png
17,TRUE,Untitled-07,Starlight Building is a modern,MediaData\Images\Untitled-7.png,MediaData\Images\Untitled-7.png
18,TRUE,Untitled-08,Starlight Building is a modern,MediaData\Images\Untitled-8.png,MediaData\Images\Untitled-8.png
19,TRUE,Untitled-09,Starlight Building is a modern,MediaData\Images\Untitled-9.png,MediaData\Images\Untitled-9.png
20,TRUE,Untitled-10,Starlight Building is a modern,MediaData\Images\Untitled-10.png,MediaData\Images\Untitled-10.png